state,district,crop,lat,lon,yield_kg_ha,current_pred_yield,change_vs_2019,drought_flag,flood_flag,rainfall_anomaly_index,baseline_yield_year,weather_data_as_of
Uttar Pradesh,Moradabad,Wheat,28.8796553,78.8095335,3766.0003037399993,4069.5017,303.50140524437575,0,0,-0.3285204022526198,2019,2026-06-23
Uttar Pradesh,Etah,Wheat,27.5550357,78.5992221,4150.999926745293,4048.249,-102.75090330779312,0,0,0.1857931762402443,2019,2026-06-23
Uttar Pradesh,Etawah,Wheat,26.7155629,79.0917098,4113.0026416201945,4382.365,269.3625927548055,0,0,0.0479692299734832,2019,2026-06-23
Uttar Pradesh,Mirzapur,Wheat,24.9316896,82.6280163,2423.625254582485,3038.9307,615.305409480015,1,0,-1.221133961423495,2019,2026-06-23
Uttar Pradesh,Mathura,Wheat,27.633333,77.583333,2847.0017929477385,4272.3335,1425.3317031460115,0,0,0.3368114294006185,2019,2026-06-23
Uttar Pradesh,Mau,Wheat,26.0390905,83.4985846,3463.9968020534184,3828.4329,364.4360592747066,1,0,-1.113263899987574,2019,2026-06-23
Uttar Pradesh,Muzaffarnagar,Wheat,29.4496979,77.7429333,3981.0033198081887,4311.6567,330.65341847306127,0,0,-0.1678040428665548,2019,2026-06-23
Uttar Pradesh,Meerut,Wheat,29.0018557,77.7679671,4556.999330207636,4712.9272,155.92791588611362,0,0,-0.2805570734146585,2019,2026-06-23
Punjab,Nawanshahr,Wheat,31.126969,76.1598988,5077.922077922078,5035.6743,-42.24776151582773,0,0,0.4774574332041087,2019,2026-06-23
Punjab,Pathankot,Wheat,32.3021899,75.6589406,3950.0,3572.948,-377.052001953125,0,0,0.3806180554958877,2019,2026-06-23
Punjab,Mansa,Wheat,29.8764133,75.4889564,5391.812865497076,5242.1113,-149.70153737207602,0,0,0.2466550063659665,2019,2026-06-23
Punjab,Moga,Wheat,30.7877554,75.159359,5352.272727272729,5036.3105,-315.96218039772884,0,0,0.1317947505655971,2019,2026-06-23
Punjab,Rupnagar,Wheat,31.0917102,76.5289701,4333.333333333333,4775.913,442.57975260416697,0,0,0.4774574332041087,2019,2026-06-23
Uttar Pradesh,Hathras,Wheat,27.5724324,78.1116209,3993.997222054472,4285.6826,291.6853951330281,0,0,0.3257958518948567,2019,2026-06-23
Uttar Pradesh,Jalaun,Wheat,26.1048633,79.3919136,3733.000946162673,4008.5493,275.5483702435772,0,0,-0.1128020946138679,2019,2026-06-23
Punjab,Hoshiarpur,Wheat,31.6092942,75.8459754,4288.732394366197,4119.724,-169.0082732724468,0,0,0.4129781776846076,2019,2026-06-23
Uttar Pradesh,Shravasti,Wheat,27.5083429,82.0263569,3318.999517634708,3651.745,332.7455995527921,0,0,-0.083521604828993,2019,2026-06-23
Punjab,Muktsar,Wheat,30.4655896,74.5209526,5457.943925233644,5096.328,-361.6158002336442,0,0,-0.2364057287684819,2019,2026-06-23
Punjab,Kapurthala,Wheat,31.3856476,75.3053304,4651.376146788991,4828.4966,177.1204352422592,0,0,0.1650203642908513,2019,2026-06-23
Punjab,Ludhiana,Wheat,30.789407,75.8269724,5100.0,5151.063,51.06298828125,0,0,0.3738924355055504,2019,2026-06-23
Punjab,Sangrur,Wheat,30.135717,75.8533326,5766.323024054983,5196.153,-570.1701920237329,0,0,0.2466550063659665,2019,2026-06-23
Punjab,Tarn Taran,Wheat,31.3212453,74.8416687,4547.8723404255325,4812.5527,264.68039394946754,0,0,0.1650203642908513,2019,2026-06-23
Uttar Pradesh,Shamli,Wheat,29.4811508,77.2901344,4759.001006387481,4616.606,-142.39504935623063,0,0,-0.1678040428665548,2019,2026-06-23
Uttar Pradesh,Jaunpur,Wheat,25.7967065,82.4888992,3594.998767235003,3850.3276,255.32886948374698,1,0,-1.0433204077163976,2019,2026-06-23
Uttar Pradesh,Jhansi,Wheat,25.529855,78.6527802,3417.1695045087417,3583.7107,166.54118885063326,0,0,0.0900642770095045,2019,2026-06-23
Uttar Pradesh,Pratapgarh,Wheat,25.75,81.75,3434.99939194941,3640.192,205.19250258184002,1,0,-1.1396756203286624,2019,2026-06-23
Uttar Pradesh,Kannauj,Wheat,26.9986675,79.6927946,4449.641528965226,4687.373,237.73151790977408,0,0,0.3496048958161604,2019,2026-06-23
Punjab,Patiala,Wheat,30.2092778,76.3397231,4769.2307692307695,5042.1104,272.8795823317305,0,0,0.2564374847257031,2019,2026-06-23
Uttar Pradesh,Aligarh,Wheat,27.8761073,78.1358153,4121.999874761824,4363.951,241.95129711317622,0,0,-0.066636443751502,2019,2026-06-23
Uttar Pradesh,Shahjahanpur,Wheat,27.9128583,79.7476254,4345.000019502985,4105.2373,-239.7627148154852,0,1,2.5445916220228897,2019,2026-06-23
Uttar Pradesh,Hapur,Wheat,28.7166767,77.890433,4484.001331241383,4423.185,-60.81627264763301,0,0,-0.2959141077886936,2019,2026-06-23
Punjab,Faridkot,Wheat,30.6014507,74.7950176,5568.965517241379,5268.42,-300.5455953663786,0,0,0.0522943935770232,2019,2026-06-23
Punjab,Jalandhar,Wheat,31.2922312,75.5678878,5028.901734104046,4583.6523,-445.2493903540462,0,0,0.4129781776846076,2019,2026-06-23
Punjab,Fazilka,Wheat,30.3198406,74.1217943,4932.038834951456,5080.467,148.427961923544,0,0,-0.2364057287684819,2019,2026-06-23
Punjab,Firozepur,Wheat,30.6839733,76.3594033,5117.647058823529,5190.683,73.03604664522118,0,0,0.3701092212622108,2019,2026-06-23
Uttar Pradesh,Siddharth Nagar,Wheat,27.2752892,83.0675485,4054.000547453387,4297.219,243.21869082786316,0,0,-0.3324817138951749,2019,2026-06-23
Uttar Pradesh,Hardoi,Wheat,27.3369978,80.0998232,3571.000285523936,3775.875,204.87471447606413,0,1,1.7894699871440782,2019,2026-06-23
Uttar Pradesh,Gonda,Wheat,27.1103723,81.9238906,3282.003113781701,3306.2852,24.282042468299096,0,0,-0.6915316875699127,2019,2026-06-23
Uttar Pradesh,Gorakhpur,Wheat,26.6677977,83.3642334,3695.981601373596,4012.8684,316.8868068295292,0,0,-0.9917449830342724,2019,2026-06-23
Uttar Pradesh,Rae Bareli,Wheat,26.25,81.25,3362.998625517309,3765.0325,402.03384518581606,0,0,-0.6163078970115153,2019,2026-06-23
Uttar Pradesh,Hamirpur,Wheat,25.75,80.0,3271.387303979617,3566.148,294.7606452391328,0,0,-0.5898913499588457,2019,2026-06-23
Uttar Pradesh,Kaushambi,Wheat,25.5342456,81.4493567,3120.103838509485,3741.8809,621.7770208655152,1,0,-1.1283028452821828,2019,2026-06-23
Punjab,Gurdaspur,Wheat,31.9037264,75.2275587,4172.972972972973,4660.1865,487.21355046452663,0,0,0.1706765577037223,2019,2026-06-23
Uttar Pradesh,Kanpur Dehat,Wheat,26.4585639,79.8548052,4254.452801528774,4627.634,373.1809875337258,0,0,-0.3411366962279501,2019,2026-06-23
Uttar Pradesh,Kanpur Nagar,Wheat,26.4410107,80.2652803,4065.253504570757,4249.5615,184.30801886674317,0,0,-0.3411366962279501,2019,2026-06-23
Uttar Pradesh,Agra,Wheat,27.0755504,77.8753832,4044.9800776498178,4431.135,386.15468797518224,0,0,0.6346540399483444,2019,2026-06-23
Uttar Pradesh,Sant Ravidas Nagar,Wheat,25.3574077,82.5002953,2745.8581413409265,3562.5808,816.7226692059485,1,0,-1.1590479241931848,2019,2026-06-23
Uttar Pradesh,Auraiya,Wheat,26.6558215,79.5160757,3883.995724419396,4268.324,384.3284943306039,0,0,0.0479692299734832,2019,2026-06-23
Uttar Pradesh,Allahabad,Wheat,25.4741716,81.8495397,2815.000427119223,3481.958,666.9575806932771,1,0,-1.230783109997803,2019,2026-06-23
Haryana,Yamunanagar,Wheat,30.2158611,77.3256507,4893.048128342246,4530.4062,-362.64187834224595,0,0,-0.1110313575485313,2019,2026-06-23
Punjab,Fatehgarh Sahib,Wheat,30.6634042,76.3803,4400.0,5161.296,761.2958984375,0,0,0.3701092212622108,2019,2026-06-23
Uttar Pradesh,Kasganj,Wheat,27.7888527,78.8229701,3923.9955087778208,4402.9556,478.96005762842924,0,0,-0.1899148991850186,2019,2026-06-23
Uttar Pradesh,Ambedkar Nagar,Wheat,26.4045941,82.6065154,3917.998084773953,4135.4575,217.459434757297,0,0,-0.7628778779174084,2019,2026-06-23
Uttar Pradesh,Azamgarh,Wheat,26.023639,83.0293105,3452.990717350421,3757.8428,304.85205608707884,1,0,-1.086190498091835,2019,2026-06-23
Uttar Pradesh,Baghpat,Wheat,29.0374779,77.3062737,4522.995346823936,4714.607,191.61158676981358,0,0,-0.2805570734146585,2019,2026-06-23
Uttar Pradesh,Amethi,Wheat,26.346274,81.6252039,3085.9973841702667,3755.8386,669.8412388766083,0,0,-0.9632494212449572,2019,2026-06-23
Punjab,Barnala,Wheat,30.3716802,75.5039887,5254.3859649122805,5207.0747,-47.31125788103054,0,0,0.3343688837047137,2019,2026-06-23
Punjab,Bathinda,Wheat,30.1794814,75.0471098,5417.96875,5289.9326,-128.0361328125,0,0,-0.0507382953274568,2019,2026-06-23
Uttar Pradesh,Sitapur,Wheat,27.5026748,80.8335139,3359.002377118319,3404.9988,45.996402178555854,0,1,3.208316775388294,2019,2026-06-23
Haryana,Sonipat,Wheat,29.0414186,76.922715,4892.07650273224,4824.596,-67.48031132599044,0,0,-0.0685736550374408,2019,2026-06-23
Uttar Pradesh,Amroha,Wheat,28.7952632,78.3436244,3873.002813017712,3686.1272,-186.87561575208701,0,0,-0.3013514214830469,2019,2026-06-23
Uttar Pradesh,Ballia,Wheat,25.8749595,84.1210329,3812.815647350752,4029.4187,216.603053821123,0,0,-0.883764131733787,2019,2026-06-23
Uttar Pradesh,Ghaziabad,Wheat,28.7749966,77.4586967,4107.988718610895,4299.5337,191.54497279535462,0,0,-0.2805570734146585,2019,2026-06-23
Uttar Pradesh,Ghazipur,Wheat,25.6034863,83.5075888,3445.999805053448,3456.5464,10.546581665301801,1,0,-1.1022224057392636,2019,2026-06-23
Haryana,Panipat,Wheat,29.3472909,76.8871622,4746.102449888642,4970.8438,224.7413001113582,0,0,-0.0068958840038363,2019,2026-06-23
Punjab,Amritsar,Wheat,31.7685759,74.8315603,4531.914893617021,4779.1587,247.24379778922867,0,0,0.1706765577037223,2019,2026-06-23
Haryana,Rohtak,Wheat,28.8900602,76.5873106,4319.288389513108,4679.818,360.5294815806419,0,0,-0.0685736550374408,2019,2026-06-23
Haryana,Sirsa,Wheat,29.6063041,74.9036568,4862.916807005726,5140.89,277.9733297130242,0,0,-0.0952124986520348,2019,2026-06-23
Uttar Pradesh,Maharajganj,Wheat,27.1424107,83.5390118,4032.0032218008528,3929.9478,-102.05546789460277,0,0,-0.9011093149280842,2019,2026-06-23
Uttar Pradesh,Kheri,Wheat,28.116667,80.716667,4231.998729924615,4009.5537,-222.44501898711496,0,1,4.405776765453827,2019,2026-06-23
Uttar Pradesh,Kushi Nagar,Wheat,26.7438272,83.9162322,3696.001205414319,3416.4238,-279.577377289319,1,0,-1.0470855951148397,2019,2026-06-23
Uttar Pradesh,Pilibhit,Wheat,28.4947158,80.1076122,4292.997675996363,4170.6025,-122.39513693386289,0,1,1.8979710279492967,2019,2026-06-23
Uttar Pradesh,Lalitpur,Wheat,24.6999688,78.51862,3202.0015063846186,3702.618,500.61641353725645,0,0,-0.2846294728309344,2019,2026-06-23
Uttar Pradesh,Balrampur,Wheat,27.4476988,82.3956245,3683.994916138989,3658.022,-25.972943482739083,0,0,0.5641018619095262,2019,2026-06-23
Uttar Pradesh,Banda,Wheat,25.4438537,80.5595237,2850.445518247093,3324.6135,474.1680071435321,0,0,-0.9249169423775504,2019,2026-06-23
Uttar Pradesh,Sant Kabeer Nagar,Wheat,26.755082,83.0398545,3905.998593221084,3667.8252,-238.17339790858387,0,0,-0.7894707901077394,2019,2026-06-23
Uttar Pradesh,Barabanki,Wheat,26.9421406,81.3856087,4040.999717492051,3950.1536,-90.84615303892588,0,0,0.2290108012504043,2019,2026-06-23
Uttar Pradesh,Bahraich,Wheat,27.7343823,81.47654,3062.98637359845,3503.616,440.629593198425,0,1,1.642729215404091,2019,2026-06-23
Uttar Pradesh,Basti,Wheat,26.8387083,82.5350919,3073.0026631158457,3820.8892,747.8864970404043,0,0,-0.2615967164243202,2019,2026-06-23
Uttar Pradesh,Firozabad,Wheat,27.1941954,78.4604956,4050.003925725278,3970.1482,-79.8557323659029,0,0,0.5477390214240616,2019,2026-06-23
Uttar Pradesh,Rampur,Wheat,28.7934728,79.1845806,4103.997748134316,4254.3687,150.37090420943423,0,0,-0.0462372738012167,2019,2026-06-23
Haryana,Kurukshetra,Wheat,30.0606702,76.7631053,4711.956521739131,4884.876,172.91945482336905,0,0,0.0792218764951188,2019,2026-06-23
Haryana,Mahendragarh,Wheat,28.1326971,76.1697448,4475.409836065574,4708.224,232.81428502817562,0,0,0.2112918192785333,2019,2026-06-23
Haryana,Rewari,Wheat,28.2180521,76.5816859,4405.835543766578,4903.7505,497.91494451467224,0,0,0.0178241466832464,2019,2026-06-23
Uttar Pradesh,Sonbhadra,Wheat,24.4148159,83.0637517,2386.3745587723515,2961.271,574.8964373213985,1,0,-1.078034864863879,2019,2026-06-23
Uttar Pradesh,Lucknow,Wheat,26.8312463,80.9174154,3100.004817767928,3763.0298,663.0249673883218,0,0,0.8562876952508046,2019,2026-06-23
Uttar Pradesh,Gautam Buddha Nagar,Wheat,28.368716,77.5970121,4223.003437346547,4255.2524,32.24900405970311,0,0,-0.3440424414164475,2019,2026-06-23
Uttar Pradesh,Faizabad,Wheat,26.75,82.0,3712.998257460249,3905.796,192.79764097725092,0,0,-0.6915316875699127,2019,2026-06-23
Uttar Pradesh,Farrukhabad,Wheat,27.4362003,79.4894778,4206.004534196491,4538.559,332.55454783475943,0,0,0.1224864930529755,2019,2026-06-23
Uttar Pradesh,Fatehpur,Wheat,25.8348023,80.9154547,3959.403138093965,4008.987,49.583922452909974,0,0,-0.8733212449889296,2019,2026-06-23
Uttar Pradesh,Mainpuri,Wheat,27.2093072,79.0625369,4230.003195228459,4602.618,372.61496883404106,0,0,0.0780073683414245,2019,2026-06-23
Haryana,Palwal,Wheat,28.0599426,77.3223422,4837.140019860973,4512.2144,-324.92566439222264,0,0,-0.1216147316266271,2019,2026-06-23
Haryana,Panchkula,Wheat,30.689535,76.9947922,4170.212765957447,3903.1873,-267.0255100980721,0,0,0.20116323254544,2019,2026-06-23
Uttar Pradesh,Bareilly,Wheat,28.4582345,79.4047452,3157.9985049992224,4045.729,887.7304989070276,0,0,0.0935102766795447,2019,2026-06-23
Uttar Pradesh,Sambhal,Wheat,28.4271928,78.5564546,4122.999546047369,4059.5261,-63.47342300049422,0,0,-0.373731620556463,2019,2026-06-23
Uttar Pradesh,Bijnor,Wheat,29.4074203,78.4821406,3498.9992048476875,3793.7285,294.72931077731255,0,0,-0.2284986551867175,2019,2026-06-23
Uttar Pradesh,Budaun,Wheat,28.116667,78.983333,4079.998884199872,4011.1985,-68.80039787174701,0,0,-0.1899148991850186,2019,2026-06-23
Haryana,Jhajjar,Wheat,28.5964461,76.6505366,4808.630393996248,4830.6875,22.05710600375187,0,0,-0.1280864908836351,2019,2026-06-23
Haryana,Mewat,Wheat,27.7939605,77.0120827,4603.557814485388,4687.4385,83.88066207711199,0,0,0.0178241466832464,2019,2026-06-23
Uttar Pradesh,Mahoba,Wheat,25.3615938,79.706011,2879.178475293783,3276.0195,396.84105595621713,0,0,-0.5857667618858743,2019,2026-06-23
Uttar Pradesh,Chitrakoot,Wheat,25.217139,81.1045927,2653.0217686316064,2979.2795,326.2577723840186,1,0,-1.1759503515342575,2019,2026-06-23
Uttar Pradesh,Deoria,Wheat,26.4239911,83.7638578,3357.999202921749,3583.1008,225.1016271563758,1,0,-1.0470855951148397,2019,2026-06-23
Uttar Pradesh,Saharanpur,Wheat,29.9856799,77.5040646,3891.995815039033,4176.9375,284.941684960967,0,0,-0.1110313575485313,2019,2026-06-23
Uttar Pradesh,Bulandshahr,Wheat,28.3874073,77.9743805,4376.998578558015,4687.0815,310.08296441073526,0,0,-0.2959141077886936,2019,2026-06-23
Haryana,Gurgaon,Wheat,28.451663,77.0297723,5064.039408866995,4689.2056,-374.83384246074456,0,0,-0.1280864908836351,2019,2026-06-23
Haryana,Kaithal,Wheat,29.8536764,76.4684323,4604.829857299671,4959.8223,354.99240832532905,0,0,0.2564374847257031,2019,2026-06-23
Uttar Pradesh,Sultanpur,Wheat,26.2604732,82.2380532,3968.00146103272,4086.9768,118.97534560790518,0,0,-0.7628778779174084,2019,2026-06-23
Haryana,Karnal,Wheat,29.7255766,76.9106924,4845.852017937221,4950.016,104.16409534402919,0,0,-0.0068958840038363,2019,2026-06-23
Haryana,Hisar,Wheat,29.2396596,75.8174505,4559.964333481944,4958.423,398.45851808055613,0,0,0.1336546719414257,2019,2026-06-23
Haryana,Jind,Wheat,29.4494987,76.3736217,4806.9029850746265,5015.7886,208.88558914412351,0,0,0.149128524769336,2019,2026-06-23
Haryana,Fatehabad,Wheat,29.5359209,75.5752901,4854.0906722251175,5236.1543,382.0636246498825,0,0,0.1437909493641667,2019,2026-06-23
Uttar Pradesh,Chandauli,Wheat,25.125695,83.2494601,3407.0012695048927,3748.7712,341.76997072948234,1,0,-1.123473575531229,2019,2026-06-23
Haryana,Bhiwani,Wheat,28.7328101,75.8928296,4186.2197392923645,4559.1562,372.93651070763553,0,0,0.198393896580855,2019,2026-06-23
Haryana,Charki Dadri,Wheat,28.6000997,76.1123707,4568.862275449102,4651.764,82.90188470714838,0,0,0.1523203377467074,2019,2026-06-23
Uttar Pradesh,Unnao,Wheat,26.5673264,80.6198193,3305.0017935703595,3944.6367,639.6349251796405,0,0,-0.3968866381365648,2019,2026-06-23
Haryana,Faridabad,Wheat,28.3584336,77.3268462,4195.439739413681,4881.093,685.6530340238187,0,0,-0.3440424414164475,2019,2026-06-23
Uttar Pradesh,Varanasi,Wheat,25.3719338,82.9414272,3299.770363761354,3605.1428,305.372458504271,1,0,-1.123366626658258,2019,2026-06-23
Haryana,Ambala,Wheat,30.3435002,76.9493554,4181.518151815181,4828.69,647.1717895910688,0,0,0.20116323254544,2019,2026-06-23
