test_year,r2_baseline,rmse_baseline,mape_baseline,r2_with_lag,rmse_with_lag,mape_with_lag,r2_delta
2008,0.8099222623793358,445.94617252552933,11.126256978399368,0.8098874610781007,445.98699476220463,11.1311333332975,-3.480130123512115e-05
2009,0.9069907558581823,294.6673442596749,8.828344237693944,0.9121829290063072,286.32444353075806,8.215949249950686,0.005192173148124812
2010,0.907080926439668,311.3567373089088,8.625095056822857,0.9084818043147289,309.0007665239825,8.49036621545363,0.0014008778750609352
2011,0.8578535923984398,405.48574675628345,12.78205416049073,0.8361329467672505,435.3649584222566,13.510731557522323,-0.02172064563118936
2012,0.8864379874972262,302.8305737707486,7.651257260508193,0.9090203063382438,271.0537464168895,6.811829114863925,0.02258231884101758
2013,0.918480446543794,280.0768267025882,7.3050448532655174,0.9224922918283902,273.0981315630928,7.01032617353214,0.004011845284596194
2014,0.18942001762426697,834.670826470859,29.987684241581253,0.23111608572280062,812.9197681288866,28.87313620462868,0.041696068098533656
2015,0.6281330722070912,624.0139517927305,16.721556448269858,0.6891181119419403,570.5559415541636,15.110527105130112,0.060985039734849034
2016,0.5880299288150481,653.3172318462814,14.837033674786259,0.6615829600936146,592.1304447899364,13.35134042531253,0.0735530312785665
2017,0.8474415156721545,383.14570225925326,9.436730738933775,0.8505164199901138,379.26478578492583,9.332286735031788,0.003074904317959315
2018,0.9019326016696018,305.15057046802275,7.318965978518584,0.9051809782071215,300.0541201117326,7.19227721158228,0.003248376537519748
2019,0.8018416701373845,380.6261084605976,9.088838586631974,0.7997742297535064,382.606544719581,9.1740263515981,-0.002067440383878072
