state,district,crop,year,yield_kg_ha,residual
Haryana,Ambala,Rice,2018,3258.823529411765,-580.8295467601101
Haryana,Ambala,Rice,2019,3964.7964796479646,224.3902296479646
Haryana,Ambala,Wheat,2018,4750.0,140.0361328125
Haryana,Ambala,Wheat,2019,4181.518151815181,-655.4086059973188
Haryana,Bhiwani,Rice,2018,1769.230769230769,-742.848088191106
Haryana,Bhiwani,Rice,2019,2030.3030303030305,-95.93866891571952
Haryana,Bhiwani,Wheat,2018,4424.778761061947,68.49311653069708
Haryana,Bhiwani,Wheat,2019,4186.2197392923645,-336.77195992638553
Haryana,Charki Dadri,Rice,2018,2400.0,326.353759765625
Haryana,Charki Dadri,Rice,2019,2133.333333333333,-185.50748697916697
Haryana,Charki Dadri,Wheat,2018,5000.0,726.29443359375
Haryana,Charki Dadri,Wheat,2019,4568.862275449102,-123.31252923839838
Haryana,Faridabad,Rice,2018,2769.230769230769,-139.76923076923094
Haryana,Faridabad,Rice,2019,2508.8757396449705,-368.5224537144045
Haryana,Faridabad,Wheat,2018,5135.135135135135,319.469607791385
Haryana,Faridabad,Wheat,2019,4195.439739413681,-415.6110418363187
Haryana,Fatehabad,Rice,2018,3991.935483870968,-385.7393208165322
Haryana,Fatehabad,Rice,2019,3898.2128982128975,-102.77660374022753
Haryana,Fatehabad,Wheat,2018,5384.615384615385,172.07339242788476
Haryana,Fatehabad,Wheat,2019,4854.0906722251175,-195.0738785561325
Haryana,Gurgaon,Rice,2018,2800.0,-102.451171875
Haryana,Gurgaon,Rice,2019,2907.4074074074074,154.1879249855324
Haryana,Gurgaon,Wheat,2018,4953.488372093023,-56.11807321947708
Haryana,Gurgaon,Wheat,2019,5064.039408866995,566.9153854294946
Haryana,Hisar,Rice,2018,2473.684210526316,-233.18273283305916
Haryana,Hisar,Rice,2019,2553.3175355450244,-56.781341408100616
Haryana,Hisar,Wheat,2018,4957.033016734509,-138.97674889049085
Haryana,Hisar,Wheat,2019,4559.964333481944,-392.24123292430613
Haryana,Jhajjar,Rice,2018,2600.0,87.937255859375
Haryana,Jhajjar,Rice,2019,2561.88605108055,43.795963189924805
Haryana,Jhajjar,Wheat,2018,4762.357414448669,-153.96582773883074
Haryana,Jhajjar,Wheat,2019,4808.630393996248,162.54006196499813
Haryana,Jind,Rice,2018,2709.2198581560283,-107.4730129377217
Haryana,Jind,Rice,2019,2958.161865569273,47.26953158489778
Haryana,Jind,Wheat,2018,5241.860465116279,116.78282839752865
Haryana,Jind,Wheat,2019,4806.9029850746265,-156.36703445662351
Haryana,Kaithal,Rice,2018,3117.283950617284,-747.6230318045909
Haryana,Kaithal,Rice,2019,3565.117613310385,412.96014260725997
Haryana,Kaithal,Wheat,2018,4916.279069767442,-87.5783521075582
Haryana,Kaithal,Wheat,2019,4604.829857299671,-234.49240832532905
Haryana,Karnal,Rice,2018,3348.571428571429,-318.1749093191961
Haryana,Karnal,Rice,2019,3759.822910902048,212.55264723017308
Haryana,Karnal,Wheat,2018,5641.456582633054,890.3164459143036
Haryana,Karnal,Wheat,2019,4845.852017937221,119.13522106222081
Haryana,Kurukshetra,Rice,2018,3495.798319327731,-517.107442391019
Haryana,Kurukshetra,Rice,2019,4482.644628099173,687.9598136460481
Haryana,Kurukshetra,Wheat,2018,4955.7522123893805,87.51100145188047
Haryana,Kurukshetra,Wheat,2019,4711.956521739131,-117.77443529211905
Haryana,Mahendragarh,Wheat,2018,4740.406320541761,-105.79582789573942
Haryana,Mahendragarh,Wheat,2019,4475.409836065574,-112.52082799692562
Haryana,Mewat,Rice,2018,2727.272727272727,-277.186745383523
Haryana,Mewat,Rice,2019,2509.433962264151,-335.385373673349
Haryana,Mewat,Wheat,2018,4541.884816753926,-100.48285902732368
Haryana,Mewat,Wheat,2019,4603.557814485388,35.02412307913801
Haryana,Palwal,Rice,2018,2750.0,-29.07470703125
Haryana,Palwal,Rice,2019,2922.2520107238606,40.66412009886062
Haryana,Palwal,Wheat,2018,4231.578947368421,-707.1222245065792
Haryana,Palwal,Wheat,2019,4837.140019860973,469.09900423597264
Haryana,Panchkula,Rice,2018,3909.090909090909,329.403897372159
Haryana,Panchkula,Rice,2019,3573.6434108527133,-183.65151102228674
Haryana,Panchkula,Wheat,2018,3944.444444444445,137.9454210069448
Haryana,Panchkula,Wheat,2019,4170.212765957447,161.01940658244712
Haryana,Panipat,Rice,2018,2826.6666666666665,-218.90242513020848
Haryana,Panipat,Rice,2019,3096.5116279069766,54.70913767260163
Haryana,Panipat,Wheat,2018,5216.867469879519,293.8655167545194
Haryana,Panipat,Wheat,2019,4746.102449888642,-51.742276673858214
Haryana,Rewari,Rice,2018,2500.0,-93.67529296875
Haryana,Rewari,Rice,2019,2482.758620689656,34.0979761584058
Haryana,Rewari,Wheat,2018,4951.219512195122,22.32009813262175
Haryana,Rewari,Wheat,2019,4405.835543766578,-207.32412420217224
Haryana,Rohtak,Rice,2018,2729.1666666666665,273.1110026041665
Haryana,Rohtak,Rice,2019,2446.268656716418,-65.52162648670719
Haryana,Rohtak,Wheat,2018,4568.138195777351,-264.96239016014897
Haryana,Rohtak,Wheat,2019,4319.288389513108,-231.5773331431419
Haryana,Sirsa,Rice,2018,3309.2783505154644,-370.85226471891065
Haryana,Sirsa,Rice,2019,2744.721689059501,-795.8979398467491
Haryana,Sirsa,Wheat,2018,5063.118389628113,-239.1032900593873
Haryana,Sirsa,Wheat,2019,4862.916807005726,47.788877318225786
Haryana,Sonipat,Rice,2018,2907.4074074074074,343.8541847511574
Haryana,Sonipat,Rice,2019,2683.0318690783806,-48.83312115599438
Haryana,Sonipat,Wheat,2018,4476.058292852186,-601.9710040228138
Haryana,Sonipat,Wheat,2019,4892.07650273224,340.38900273224044
Haryana,Yamunanagar,Rice,2018,3525.641025641025,-521.607021233975
Haryana,Yamunanagar,Rice,2019,4239.05325443787,455.20462162537024
Haryana,Yamunanagar,Wheat,2018,4295.1541850220265,-312.20958450922353
Haryana,Yamunanagar,Wheat,2019,4893.048128342246,159.54910490474595
Punjab,Amritsar,Rice,2018,2983.333333333333,-698.455240885417
Punjab,Amritsar,Rice,2019,3303.867403314917,-64.99685449758317
Punjab,Amritsar,Wheat,2018,4814.814814814815,323.8011429398148
Punjab,Amritsar,Wheat,2019,4531.914893617021,-233.87856341422867
Punjab,Barnala,Rice,2018,4973.684210526316,111.84876130756584
Punjab,Barnala,Rice,2019,4605.263157894738,-56.40578741776244
Punjab,Barnala,Wheat,2018,5573.913043478261,472.059527853261
Punjab,Barnala,Wheat,2019,5254.3859649122805,187.54075006853054
Punjab,Bathinda,Rice,2018,4562.874251497006,-246.2678383467437
Punjab,Bathinda,Rice,2019,4268.156424581005,-349.442696512745
Punjab,Bathinda,Wheat,2018,5600.0,288.4189453125
Punjab,Bathinda,Wheat,2019,5417.96875,222.55859375
Punjab,Faridkot,Rice,2018,4112.068965517241,-595.3577922952591
Punjab,Faridkot,Rice,2019,3758.620689655173,-536.062904094827
Punjab,Faridkot,Wheat,2018,5344.827586206897,-168.85161301185326
Punjab,Faridkot,Wheat,2019,5568.965517241379,424.0548727101286
Punjab,Fatehgarh Sahib,Rice,2018,4034.883720930233,-526.3364939135172
Punjab,Fatehgarh Sahib,Rice,2019,4255.813953488371,-236.86622229287877
Punjab,Fatehgarh Sahib,Wheat,2018,5176.470588235295,195.3973460477946
Punjab,Fatehgarh Sahib,Wheat,2019,4400.0,-702.39599609375
Punjab,Fazilka,Rice,2018,3298.245614035088,-286.1931066680372
Punjab,Fazilka,Rice,2019,4057.591623036649,512.5716035053988
Punjab,Fazilka,Wheat,2018,5057.6923076923085,177.54045222355853
Punjab,Fazilka,Wheat,2019,4932.038834951456,-58.12815723604399
Punjab,Firozepur,Rice,2018,4456.989247311828,-46.83545971942203
Punjab,Firozepur,Rice,2019,2692.982456140351,-1726.1718407346489
Punjab,Firozepur,Wheat,2018,5401.0695187165775,374.8610226228275
Punjab,Firozepur,Wheat,2019,5117.647058823529,-9.853917738971177
Punjab,Gurdaspur,Rice,2018,3674.418604651162,0.605616369911786
Punjab,Gurdaspur,Rice,2019,3660.919540229885,42.754745308010115
Punjab,Gurdaspur,Wheat,2018,4717.391304347826,261.777046535326
Punjab,Gurdaspur,Wheat,2019,4172.972972972973,-472.34636296452663
Punjab,Hoshiarpur,Rice,2018,3720.0,-275.75537109375
Punjab,Hoshiarpur,Rice,2019,4000.0,122.352294921875
Punjab,Hoshiarpur,Wheat,2018,4243.055555555556,40.29090711805566
Punjab,Hoshiarpur,Wheat,2019,4288.732394366197,225.9152556943218
Punjab,Jalandhar,Rice,2018,4156.06936416185,-17.66061630690001
Punjab,Jalandhar,Rice,2019,4074.2857142857138,183.89020647321377
Punjab,Jalandhar,Wheat,2018,4970.588235294118,342.555520450368
Punjab,Jalandhar,Wheat,2019,5028.901734104046,98.63610910404623
Punjab,Kapurthala,Rice,2018,4338.983050847458,157.9024844412079
Punjab,Kapurthala,Rice,2019,4133.333333333334,140.14949544270894
Punjab,Kapurthala,Wheat,2018,4733.94495412844,175.74231740969026
Punjab,Kapurthala,Wheat,2019,4651.376146788991,-168.6726813360092
Punjab,Ludhiana,Rice,2018,4451.737451737453,-341.16293888754717
Punjab,Ludhiana,Rice,2019,4675.675675675676,142.97499208192585
Punjab,Ludhiana,Wheat,2018,5131.474103585657,198.96922077315685
Punjab,Ludhiana,Wheat,2019,5100.0,-107.8759765625
Punjab,Mansa,Rice,2018,4431.034482758621,-273.8483297413786
Punjab,Mansa,Rice,2019,4109.243697478992,-447.77974002100837
Punjab,Mansa,Wheat,2018,5450.292397660819,114.759682817069
Punjab,Mansa,Wheat,2019,5391.812865497076,215.10876393457602
Punjab,Moga,Rice,2018,4513.812154696133,-372.3152867101171
Punjab,Moga,Rice,2019,4563.53591160221,108.17409519596004
Punjab,Moga,Wheat,2018,5377.142857142857,267.8743024553569
Punjab,Moga,Wheat,2019,5352.272727272729,365.62282492897884
Punjab,Muktsar,Rice,2018,4067.039106145251,-135.62739776099897
Punjab,Muktsar,Rice,2019,3352.6315789473683,-692.0227179276317
Punjab,Muktsar,Wheat,2018,5570.093457943925,445.3776376314254
Punjab,Muktsar,Wheat,2019,5457.943925233644,404.4688275773942
Punjab,Nawanshahr,Rice,2018,3950.0,-510.3916015625
Punjab,Nawanshahr,Rice,2019,4183.333333333334,-81.93082682291606
Punjab,Nawanshahr,Wheat,2018,5000.0,374.19189453125
Punjab,Nawanshahr,Wheat,2019,5077.922077922078,-3.959269734172267
Punjab,Pathankot,Rice,2018,3250.0,246.1259765625
Punjab,Pathankot,Rice,2019,3071.428571428572,-227.443987165178
Punjab,Pathankot,Wheat,2018,3975.609756097561,316.6583400819359
Punjab,Pathankot,Wheat,2019,3950.0,492.443359375
Punjab,Patiala,Rice,2018,3931.623931623931,-349.2637636885688
Punjab,Patiala,Rice,2019,3948.936170212766,-65.76573408410923
Punjab,Patiala,Wheat,2018,5472.1030042918455,451.40378554184554
Punjab,Patiala,Wheat,2019,4769.2307692307695,-210.5675706129805
Punjab,Rupnagar,Rice,2018,3463.414634146341,-903.5008931974089
Punjab,Rupnagar,Rice,2019,3600.0,-380.0595703125
Punjab,Rupnagar,Wheat,2018,4565.217391304348,4.418563179347984
Punjab,Rupnagar,Wheat,2019,4333.333333333333,-435.04020182291697
Punjab,Sangrur,Rice,2018,4714.285714285715,-235.36955915178532
Punjab,Sangrur,Rice,2019,4712.80276816609,-81.75338417766034
Punjab,Sangrur,Wheat,2018,5800.0,534.45263671875
Punjab,Sangrur,Wheat,2019,5766.323024054983,686.5144303049829
Punjab,Tarn Taran,Rice,2018,3913.978494623656,-63.20094873571907
Punjab,Tarn Taran,Rice,2019,3842.391304347826,-117.86016049592399
Punjab,Tarn Taran,Wheat,2018,4898.395721925133,338.27316333138333
Punjab,Tarn Taran,Wheat,2019,4547.8723404255325,-201.43430019946754
Uttar Pradesh,Agra,Rice,2018,2462.076583210604,-135.33186405502101
Uttar Pradesh,Agra,Rice,2019,2575.906344410876,-128.28725910474895
Uttar Pradesh,Agra,Wheat,2018,4368.998783703133,139.35522901563309
Uttar Pradesh,Agra,Wheat,2019,4044.9800776498178,-400.82265672518224
Uttar Pradesh,Aligarh,Rice,2018,2411.9983277591973,-165.8395628658027
Uttar Pradesh,Aligarh,Rice,2019,2609.999673284471,61.4921049250961
Uttar Pradesh,Aligarh,Wheat,2018,4265.998791693342,-108.22337627540765
Uttar Pradesh,Aligarh,Wheat,2019,4121.999874761824,-66.93616039442622
Uttar Pradesh,Allahabad,Rice,2018,3120.00258891298,411.4989268036052
Uttar Pradesh,Allahabad,Rice,2019,3121.003017322143,245.31185521276802
Uttar Pradesh,Allahabad,Wheat,2018,3553.166755238384,-236.8264088241158
Uttar Pradesh,Allahabad,Wheat,2019,2815.000427119223,-792.0481568651521
Uttar Pradesh,Ambedkar Nagar,Rice,2018,3027.997437151192,-184.86926206755788
Uttar Pradesh,Ambedkar Nagar,Rice,2019,3074.001309757696,-71.01919805480384
Uttar Pradesh,Ambedkar Nagar,Wheat,2018,4098.964230301505,163.72253108275527
Uttar Pradesh,Ambedkar Nagar,Wheat,2019,3917.998084773953,-417.733848819797
Uttar Pradesh,Amethi,Rice,2018,2761.998879994729,390.2911163228541
Uttar Pradesh,Amethi,Rice,2019,2735.0040980489907,-130.46147812288427
Uttar Pradesh,Amethi,Wheat,2018,3542.001963467143,-420.207753329732
Uttar Pradesh,Amethi,Wheat,2019,3085.9973841702667,-708.1354283297333
Uttar Pradesh,Amroha,Rice,2018,2506.016958566297,218.67906794129703
Uttar Pradesh,Amroha,Rice,2019,2550.014841199169,229.57367908979404
Uttar Pradesh,Amroha,Wheat,2018,3807.005440130292,-101.47258721345816
Uttar Pradesh,Amroha,Wheat,2019,3873.002813017712,239.90466848646201
Uttar Pradesh,Auraiya,Rice,2018,3086.9937250427843,184.53498480840926
Uttar Pradesh,Auraiya,Rice,2019,3502.006923354641,561.080165542141
Uttar Pradesh,Auraiya,Wheat,2018,4136.003325119496,95.23989738512137
Uttar Pradesh,Auraiya,Wheat,2019,3883.995724419396,-377.4798615181039
Uttar Pradesh,Azamgarh,Rice,2018,2456.998644669813,100.17637904481307
Uttar Pradesh,Azamgarh,Rice,2019,2477.0016634387475,-40.67240882687747
Uttar Pradesh,Azamgarh,Wheat,2018,3691.9947665754,-100.79698147147519
Uttar Pradesh,Azamgarh,Wheat,2019,3452.990717350421,-404.77515179020384
Uttar Pradesh,Baghpat,Rice,2018,2853.051483123082,-62.68997195504289
Uttar Pradesh,Baghpat,Rice,2019,3078.0304610890885,174.49554897971348
Uttar Pradesh,Baghpat,Wheat,2018,4558.993880227306,-141.97291664769364
Uttar Pradesh,Baghpat,Wheat,2019,4522.995346823936,39.786362448936416
Uttar Pradesh,Bahraich,Rice,2018,2606.999741069997,149.33787583562207
Uttar Pradesh,Bahraich,Rice,2019,2673.001270209276,-11.170848931349155
Uttar Pradesh,Bahraich,Wheat,2018,3792.988147223955,-13.010876213545089
Uttar Pradesh,Bahraich,Wheat,2019,3062.98637359845,-686.296097104675
Uttar Pradesh,Ballia,Rice,2018,2490.998489077825,237.47334259345007
Uttar Pradesh,Ballia,Rice,2019,2838.001771962108,319.2673969621078
Uttar Pradesh,Ballia,Wheat,2018,3841.971411032184,-93.41115732719118
Uttar Pradesh,Ballia,Wheat,2019,3812.815647350752,-209.602321399248
Uttar Pradesh,Balrampur,Rice,2018,2706.002258766493,371.516663063368
Uttar Pradesh,Balrampur,Rice,2019,2772.0008582970268,-32.26208115609825
Uttar Pradesh,Balrampur,Wheat,2018,3503.995233756221,-174.78967835315416
Uttar Pradesh,Balrampur,Wheat,2019,3683.994916138989,8.954144654614083
Uttar Pradesh,Banda,Rice,2018,2113.0070954804883,37.33961501173826
Uttar Pradesh,Banda,Rice,2019,2634.99297244346,377.0830603340851
Uttar Pradesh,Banda,Wheat,2018,3062.5594612187674,675.7879768437674
Uttar Pradesh,Banda,Wheat,2019,2850.445518247093,-527.4162981591571
Uttar Pradesh,Barabanki,Rice,2018,2890.9988771761523,1.9554201449022912
Uttar Pradesh,Barabanki,Rice,2019,3396.998832079618,327.14702543899284
Uttar Pradesh,Barabanki,Wheat,2018,3950.008314497404,12.115248091154172
Uttar Pradesh,Barabanki,Wheat,2019,4040.999717492051,-106.20487235169912
Uttar Pradesh,Bareilly,Rice,2018,2674.999833558584,195.7412886367092
Uttar Pradesh,Bareilly,Rice,2019,2390.997561005205,-157.71508547916983
Uttar Pradesh,Bareilly,Wheat,2018,3909.0011634876414,45.851993565766406
Uttar Pradesh,Bareilly,Wheat,2019,3157.9985049992224,-751.9377742976526
Uttar Pradesh,Basti,Rice,2018,2818.004005029572,86.928809717072
Uttar Pradesh,Basti,Rice,2019,2706.99881376038,-351.11690889587
Uttar Pradesh,Basti,Wheat,2018,3760.998024707891,-186.0813209952339
Uttar Pradesh,Basti,Wheat,2019,3073.0026631158457,-826.8188700872793
Uttar Pradesh,Bijnor,Rice,2018,2416.008957086744,-156.49739056950602
Uttar Pradesh,Bijnor,Rice,2019,2654.9969819780977,155.10904252497266
Uttar Pradesh,Bijnor,Wheat,2018,3751.000827575071,66.44687249694607
Uttar Pradesh,Bijnor,Wheat,2019,3498.9992048476875,-289.18292405856255
Uttar Pradesh,Budaun,Rice,2018,2520.996995438257,206.90422200075682
Uttar Pradesh,Budaun,Rice,2019,2638.99915486465,270.7035005677749
Uttar Pradesh,Budaun,Wheat,2018,3891.000097191175,-81.17373093382503
Uttar Pradesh,Budaun,Wheat,2019,4079.998884199872,31.38584709049701
Uttar Pradesh,Bulandshahr,Rice,2018,2828.9965212737493,-201.7312619293757
Uttar Pradesh,Bulandshahr,Rice,2019,2887.004951769151,-129.24675721522408
Uttar Pradesh,Bulandshahr,Wheat,2018,4528.000755970676,-79.76438074807356
Uttar Pradesh,Bulandshahr,Wheat,2019,4376.998578558015,-87.69185112948526
Uttar Pradesh,Chandauli,Rice,2018,3183.001524566925,121.72930777005013
Uttar Pradesh,Chandauli,Rice,2019,3339.000848814722,101.84704022097185
Uttar Pradesh,Chandauli,Wheat,2018,3748.0018067202136,135.7647461733386
Uttar Pradesh,Chandauli,Wheat,2019,3407.0012695048927,-412.57514651073234
Uttar Pradesh,Chitrakoot,Rice,2018,1609.9462070479744,-367.70052146765056
Uttar Pradesh,Chitrakoot,Rice,2019,2025.965118557711,-4.850433200101406
Uttar Pradesh,Chitrakoot,Wheat,2018,2711.8735946032766,141.41070397827662
Uttar Pradesh,Chitrakoot,Wheat,2019,2653.0217686316064,-343.1486415246436
Uttar Pradesh,Deoria,Rice,2018,2054.0000452451154,-161.57490592675958
Uttar Pradesh,Deoria,Rice,2019,2672.000565042692,279.45002793331696
Uttar Pradesh,Deoria,Wheat,2018,3326.000289462258,32.762984774758024
Uttar Pradesh,Deoria,Wheat,2019,3357.999202921749,-271.9014318438758
Uttar Pradesh,Etah,Rice,2018,2665.0279708425155,188.64174037376551
Uttar Pradesh,Etah,Rice,2019,2911.007025761124,445.71674255799917
Uttar Pradesh,Etah,Wheat,2018,3842.998439845751,-163.5699195292491
Uttar Pradesh,Etah,Wheat,2019,4150.999926745293,7.3002197140431235
Uttar Pradesh,Etawah,Rice,2018,3085.004423473901,233.84133753640117
Uttar Pradesh,Etawah,Rice,2019,3111.9995308101343,124.89210893513427
Uttar Pradesh,Etawah,Wheat,2018,4370.999822966457,253.59601437270703
Uttar Pradesh,Etawah,Wheat,2019,4113.0026416201945,-244.55058103605552
Uttar Pradesh,Faizabad,Rice,2018,2947.00132317192,556.3111376250449
Uttar Pradesh,Faizabad,Rice,2019,2956.0042861750053,-81.28257905936971
Uttar Pradesh,Faizabad,Wheat,2018,3888.001054107726,107.27058535772585
Uttar Pradesh,Faizabad,Wheat,2019,3712.998257460249,-310.5303069928759
Uttar Pradesh,Farrukhabad,Rice,2018,3022.9868747782903,166.75079079391526
Uttar Pradesh,Farrukhabad,Rice,2019,3783.026995979322,842.4059022293218
Uttar Pradesh,Farrukhabad,Wheat,2018,4282.002090472473,-301.89781187127664
Uttar Pradesh,Farrukhabad,Wheat,2019,4206.004534196491,-310.23374705350943
Uttar Pradesh,Fatehpur,Rice,2018,2917.995417004822,323.1633857548218
Uttar Pradesh,Fatehpur,Rice,2019,3002.0038334204564,-66.63752400141857
Uttar Pradesh,Fatehpur,Wheat,2018,3988.1286536141774,202.39720830167744
Uttar Pradesh,Fatehpur,Wheat,2019,3959.403138093965,-87.83880526540997
Uttar Pradesh,Firozabad,Rice,2018,2732.012559147393,118.50499078801795
Uttar Pradesh,Firozabad,Rice,2019,2839.9859173524624,18.607011102462366
Uttar Pradesh,Firozabad,Wheat,2018,3767.9993114429567,-130.1105518382933
Uttar Pradesh,Firozabad,Wheat,2019,4050.003925725278,-21.851543024722105
Uttar Pradesh,Gautam Buddha Nagar,Rice,2018,2862.0279118989347,296.6070134614347
Uttar Pradesh,Gautam Buddha Nagar,Rice,2019,2922.0325036000822,128.27932977195724
Uttar Pradesh,Gautam Buddha Nagar,Wheat,2018,4137.994828815978,79.6606003003526
Uttar Pradesh,Gautam Buddha Nagar,Wheat,2019,4223.003437346547,208.3488963309219
Uttar Pradesh,Ghaziabad,Rice,2018,2563.9701033194106,-95.86851972746445
Uttar Pradesh,Ghaziabad,Rice,2019,2791.033577190021,319.0291826587709
Uttar Pradesh,Ghaziabad,Wheat,2018,4253.014987800628,87.14584717562775
Uttar Pradesh,Ghaziabad,Wheat,2019,4107.988718610895,90.34614048589538
Uttar Pradesh,Ghazipur,Rice,2018,2636.0012650054687,315.03837438046867
Uttar Pradesh,Ghazipur,Rice,2019,2604.997512149571,2.9230492589458663
Uttar Pradesh,Ghazipur,Wheat,2018,3296.0023031998026,347.39195163730255
Uttar Pradesh,Ghazipur,Wheat,2019,3445.999805053448,-130.0602535403018
Uttar Pradesh,Gonda,Rice,2018,2381.998204000743,58.841954000743044
Uttar Pradesh,Gonda,Rice,2019,2575.001414587224,140.9074204465992
Uttar Pradesh,Gonda,Wheat,2018,3149.998297640529,203.02808279677902
Uttar Pradesh,Gonda,Wheat,2019,3282.003113781701,-37.044737780799096
Uttar Pradesh,Gorakhpur,Rice,2018,2668.001726943642,413.1408870998921
Uttar Pradesh,Gorakhpur,Rice,2019,2796.002436036924,122.16234814629888
Uttar Pradesh,Gorakhpur,Wheat,2018,4017.5371984504313,-135.99551639331867
Uttar Pradesh,Gorakhpur,Wheat,2019,3695.981601373596,-482.6282619076542
Uttar Pradesh,Hamirpur,Rice,2018,2073.446327683616,82.63456010549089
Uttar Pradesh,Hamirpur,Rice,2019,2527.777777777778,289.7304144965278
Uttar Pradesh,Hamirpur,Wheat,2018,3210.363488929629,-37.14700911724594
Uttar Pradesh,Hamirpur,Wheat,2019,3271.387303979617,-307.1161139891328
Uttar Pradesh,Hapur,Rice,2018,2578.999064546305,-282.0917557661951
Uttar Pradesh,Hapur,Rice,2019,2871.005419547748,204.5845211102478
Uttar Pradesh,Hapur,Wheat,2018,4217.005738132499,-116.14123452375134
Uttar Pradesh,Hapur,Wheat,2019,4484.001331241383,257.785510928883
Uttar Pradesh,Hardoi,Rice,2018,2340.9973669280344,-235.95917604071565
Uttar Pradesh,Hardoi,Rice,2019,2969.002262369258,626.840152994258
Uttar Pradesh,Hardoi,Wheat,2018,3718.001340392305,-246.95276117019512
Uttar Pradesh,Hardoi,Wheat,2019,3571.000285523936,-462.2626539291891
Uttar Pradesh,Hathras,Rice,2018,2338.993516517444,-63.52577059193118
Uttar Pradesh,Hathras,Rice,2019,2550.989881214254,232.18446129237918
Uttar Pradesh,Hathras,Wheat,2018,4144.00335235466,-27.11432342659009
Uttar Pradesh,Hathras,Wheat,2019,3993.997222054472,-170.34701622677812
Uttar Pradesh,Jalaun,Rice,2018,2156.8914956011727,256.84706200742266
Uttar Pradesh,Jalaun,Rice,2019,2563.5910224438903,511.2663154126403
Uttar Pradesh,Jalaun,Wheat,2018,3713.679789734247,-183.64735870325285
Uttar Pradesh,Jalaun,Wheat,2019,3733.000946162673,-275.0449522748272
Uttar Pradesh,Jaunpur,Rice,2018,2483.9985393715165,97.69067804339147
Uttar Pradesh,Jaunpur,Rice,2019,2803.997782957194,292.196513425944
Uttar Pradesh,Jaunpur,Wheat,2018,3710.997757104867,-190.8057096920079
Uttar Pradesh,Jaunpur,Wheat,2019,3594.998767235003,-279.220471046247
Uttar Pradesh,Jhansi,Rice,2018,1991.974057559789,-37.00958501833611
Uttar Pradesh,Jhansi,Rice,2019,2366.0577489687685,373.75489252345596
Uttar Pradesh,Jhansi,Wheat,2018,3258.0382380116675,181.37954660541754
Uttar Pradesh,Jhansi,Wheat,2019,3417.1695045087417,-187.00481189750826
Uttar Pradesh,Kannauj,Rice,2018,2668.9869668246447,-618.9539511441053
Uttar Pradesh,Kannauj,Rice,2019,3996.9943335796993,1255.6813452984493
Uttar Pradesh,Kannauj,Wheat,2018,4599.712908848559,-15.226544276441018
Uttar Pradesh,Kannauj,Wheat,2019,4449.641528965226,-181.99665462852408
Uttar Pradesh,Kanpur Dehat,Rice,2018,3609.0058590058593,769.8403316621093
Uttar Pradesh,Kanpur Dehat,Rice,2019,3482.9911732619257,-200.44925642557428
Uttar Pradesh,Kanpur Dehat,Wheat,2018,4430.614205044132,-115.49077542461782
Uttar Pradesh,Kanpur Dehat,Wheat,2019,4254.452801528774,-421.7327453462258
Uttar Pradesh,Kanpur Nagar,Rice,2018,2792.991487992512,-34.17867802311321
Uttar Pradesh,Kanpur Nagar,Rice,2019,3433.0054168482657,515.6523895045157
Uttar Pradesh,Kanpur Nagar,Wheat,2018,4166.454622561493,105.46145849899312
Uttar Pradesh,Kanpur Nagar,Wheat,2019,4065.253504570757,-85.81973761674317
Uttar Pradesh,Kasganj,Rice,2018,2527.0136918712224,70.75124069934736
Uttar Pradesh,Kasganj,Rice,2019,3231.9780772887425,784.6411632262425
Uttar Pradesh,Kasganj,Wheat,2018,4263.9949044062505,218.7126778437505
Uttar Pradesh,Kasganj,Wheat,2019,3923.9955087778208,-220.28037012842924
Uttar Pradesh,Kaushambi,Rice,2018,2394.0040941207544,82.62054919887942
Uttar Pradesh,Kaushambi,Rice,2019,2529.0093350694065,16.52740147565646
Uttar Pradesh,Kaushambi,Wheat,2018,3493.8452558531685,68.67435741566851
Uttar Pradesh,Kaushambi,Wheat,2019,3120.103838509485,-660.4598821936402
Uttar Pradesh,Kheri,Rice,2018,3384.000529664205,357.8857835704548
Uttar Pradesh,Kheri,Rice,2019,3239.0007358429643,-318.71337548516067
Uttar Pradesh,Kheri,Wheat,2018,4251.001004791695,337.74514541669487
Uttar Pradesh,Kheri,Wheat,2019,4231.998729924615,-57.81962945038504
Uttar Pradesh,Kushi Nagar,Rice,2018,2524.0014950875693,-141.2345888968057
Uttar Pradesh,Kushi Nagar,Rice,2019,2901.996016098215,276.395918441965
Uttar Pradesh,Kushi Nagar,Wheat,2018,3193.003759273429,-452.41982471094616
Uttar Pradesh,Kushi Nagar,Wheat,2019,3696.001205414319,178.53416439869397
Uttar Pradesh,Lalitpur,Rice,2018,744.2231075697212,-180.49307895371635
Uttar Pradesh,Lalitpur,Rice,2019,546.9061876247505,-777.818055539312
Uttar Pradesh,Lalitpur,Wheat,2018,3410.9978378320943,256.4687850977193
Uttar Pradesh,Lalitpur,Wheat,2019,3202.0015063846186,-504.06929439663145
Uttar Pradesh,Lucknow,Rice,2018,2724.9981438859604,138.16855404221042
Uttar Pradesh,Lucknow,Rice,2019,2444.0032251562184,-387.9745580469066
Uttar Pradesh,Lucknow,Wheat,2018,3604.999873356805,189.30260773180498
Uttar Pradesh,Lucknow,Wheat,2019,3100.004817767928,-723.9136392633218
Uttar Pradesh,Maharajganj,Rice,2018,2932.9987515295315,531.0624722326565
Uttar Pradesh,Maharajganj,Rice,2019,2814.002876465008,-176.61943798811717
Uttar Pradesh,Maharajganj,Wheat,2018,4130.002504213169,255.25738702566923
Uttar Pradesh,Maharajganj,Wheat,2019,4032.0032218008528,-105.72773523039723
Uttar Pradesh,Mahoba,Rice,2018,2066.666666666667,57.94156901041697
Uttar Pradesh,Mahoba,Rice,2019,2526.7489711934154,255.2958461934154
Uttar Pradesh,Mahoba,Wheat,2018,2815.7216652215857,681.6469581903357
Uttar Pradesh,Mahoba,Wheat,2019,2879.178475293783,-302.42186650309213
Uttar Pradesh,Mainpuri,Rice,2018,3272.992973073814,336.799857839439
Uttar Pradesh,Mainpuri,Rice,2019,2679.000206175757,-719.7851942148682
Uttar Pradesh,Mainpuri,Wheat,2018,4441.000614917641,-229.16540070735937
Uttar Pradesh,Mainpuri,Wheat,2019,4230.003195228459,-329.19700008404106
Uttar Pradesh,Mathura,Rice,2018,980.0032916392364,-1362.1702923451385
Uttar Pradesh,Mathura,Rice,2019,1983.9941943677304,-22.607123991644585
Uttar Pradesh,Mathura,Wheat,2018,4173.99777146195,68.43429489944992
Uttar Pradesh,Mathura,Wheat,2019,2847.0017929477385,-1280.9093398647615
Uttar Pradesh,Mau,Rice,2018,2443.997840302357,148.65067233360696
Uttar Pradesh,Mau,Rice,2019,2671.9997297814607,183.8678938439607
Uttar Pradesh,Mau,Wheat,2018,3849.0005232862377,-86.9965470262623
Uttar Pradesh,Mau,Wheat,2019,3463.9968020534184,-430.4282467747066
Uttar Pradesh,Meerut,Rice,2018,2844.0131578947367,-78.36892218338835
Uttar Pradesh,Meerut,Rice,2019,2923.0276191586063,86.94265822110629
Uttar Pradesh,Meerut,Wheat,2018,4663.998001623681,150.88423209243138
Uttar Pradesh,Meerut,Wheat,2019,4556.999330207636,118.06427161388638
Uttar Pradesh,Mirzapur,Rice,2018,2855.998308846845,431.2329279874698
Uttar Pradesh,Mirzapur,Rice,2019,3031.002519256036,221.06843722478607
Uttar Pradesh,Mirzapur,Wheat,2018,3146.0585725529186,41.52683427166858
Uttar Pradesh,Mirzapur,Wheat,2019,2423.625254582485,-621.09080987064
Uttar Pradesh,Moradabad,Rice,2018,2503.99660149132,90.65700188194478
Uttar Pradesh,Moradabad,Rice,2019,2759.994870315155,268.9399386745299
Uttar Pradesh,Moradabad,Wheat,2018,4000.998116597377,62.32453261300179
Uttar Pradesh,Moradabad,Wheat,2019,3766.0003037399993,-192.29095602562575
Uttar Pradesh,Muzaffarnagar,Rice,2018,2154.970760233918,-535.4906655473319
Uttar Pradesh,Muzaffarnagar,Rice,2019,2730.017006802721,459.49137203709597
Uttar Pradesh,Muzaffarnagar,Wheat,2018,4247.005035013601,116.67007407610072
Uttar Pradesh,Muzaffarnagar,Wheat,2019,3981.0033198081887,-218.96689503556127
Uttar Pradesh,Pilibhit,Rice,2018,3089.001682060968,-421.13625739215695
Uttar Pradesh,Pilibhit,Rice,2019,3390.9970157839857,83.92792398711072
Uttar Pradesh,Pilibhit,Wheat,2018,4442.000498978443,192.18604585344292
Uttar Pradesh,Pilibhit,Wheat,2019,4292.997675996363,-149.8538865036371
Uttar Pradesh,Pratapgarh,Rice,2018,2572.000981274021,142.3601121333959
Uttar Pradesh,Pratapgarh,Rice,2019,2558.004677199183,-94.39595756644212
Uttar Pradesh,Pratapgarh,Wheat,2018,3419.998006843172,-26.89408300057812
Uttar Pradesh,Pratapgarh,Wheat,2019,3434.99939194941,-305.68273695684
Uttar Pradesh,Rae Bareli,Rice,2018,2468.002135006481,98.13226195960578
Uttar Pradesh,Rae Bareli,Rice,2019,2593.995807883883,123.87788796200812
Uttar Pradesh,Rae Bareli,Wheat,2018,3446.003109025141,-98.46149058423407
Uttar Pradesh,Rae Bareli,Wheat,2019,3362.998625517309,-380.41739010769106
Uttar Pradesh,Rampur,Rice,2018,2740.9990660118706,198.47977890249558
Uttar Pradesh,Rampur,Rice,2019,2875.003514098564,69.32309417668921
Uttar Pradesh,Rampur,Wheat,2018,4298.001854365149,364.2201160838986
Uttar Pradesh,Rampur,Wheat,2019,4103.997748134316,-47.66484952193423
Uttar Pradesh,Saharanpur,Rice,2018,2520.9929512718363,35.84207236558632
Uttar Pradesh,Saharanpur,Rice,2019,2702.998324958124,82.19339331749916
Uttar Pradesh,Saharanpur,Wheat,2018,4217.000758962454,562.1140402124538
Uttar Pradesh,Saharanpur,Wheat,2019,3891.995815039033,-222.532016992217
Uttar Pradesh,Sambhal,Rice,2018,2564.9933293222066,15.767255103456591
Uttar Pradesh,Sambhal,Rice,2019,2718.989705288656,179.81587716365584
Uttar Pradesh,Sambhal,Wheat,2018,4032.997754865649,74.19355564689886
Uttar Pradesh,Sambhal,Wheat,2019,4122.999546047369,167.46951675049422
Uttar Pradesh,Sant Kabeer Nagar,Rice,2018,2211.997361791387,22.074021947636993
Uttar Pradesh,Sant Kabeer Nagar,Rice,2019,3143.0053300080563,704.0934647736813
Uttar Pradesh,Sant Kabeer Nagar,Wheat,2018,3355.9967602828187,-45.19025143593126
Uttar Pradesh,Sant Kabeer Nagar,Wheat,2019,3905.998593221084,283.51421822108387
Uttar Pradesh,Sant Ravidas Nagar,Rice,2018,3121.9883688728883,-159.10953151773674
Uttar Pradesh,Sant Ravidas Nagar,Rice,2019,3075.0092421441773,218.71163472230228
Uttar Pradesh,Sant Ravidas Nagar,Wheat,2018,3754.6776705706247,-176.20587435125026
Uttar Pradesh,Sant Ravidas Nagar,Wheat,2019,2745.8581413409265,-1004.3891731121985
Uttar Pradesh,Shahjahanpur,Rice,2018,3108.999625896628,-427.413460040872
Uttar Pradesh,Shahjahanpur,Rice,2019,3535.001264789687,391.65409682093696
Uttar Pradesh,Shahjahanpur,Wheat,2018,4465.980077663346,308.2984370383456
Uttar Pradesh,Shahjahanpur,Wheat,2019,4345.000019502985,-153.1733203407648
Uttar Pradesh,Shamli,Rice,2018,2656.997681416802,-408.49987717694785
Uttar Pradesh,Shamli,Rice,2019,3413.9803026663462,614.3802050100962
Uttar Pradesh,Shamli,Wheat,2018,4572.00698797657,-68.15072686718031
Uttar Pradesh,Shamli,Wheat,2019,4759.001006387481,306.67483451248063
Uttar Pradesh,Shravasti,Rice,2018,2537.000139599223,54.244524364848075
Uttar Pradesh,Shravasti,Rice,2019,2430.0055556273337,-306.1795029664163
Uttar Pradesh,Shravasti,Wheat,2018,3420.995760950877,141.62149337275196
Uttar Pradesh,Shravasti,Wheat,2019,3318.999517634708,-336.6003358809171
Uttar Pradesh,Siddharth Nagar,Rice,2018,3154.0011332871622,706.4222758652872
Uttar Pradesh,Siddharth Nagar,Rice,2019,2858.000394765869,-267.2134724216312
Uttar Pradesh,Siddharth Nagar,Wheat,2018,4375.0,445.76953125
Uttar Pradesh,Siddharth Nagar,Wheat,2019,4054.000547453387,-274.00189395286316
Uttar Pradesh,Sitapur,Rice,2018,2470.9989495335803,27.957689767955344
Uttar Pradesh,Sitapur,Rice,2019,2926.000250062516,405.839605531266
Uttar Pradesh,Sitapur,Wheat,2018,3479.9984421325257,-125.85116724247428
Uttar Pradesh,Sitapur,Wheat,2019,3359.002377118319,-343.49640217855585
Uttar Pradesh,Sonbhadra,Rice,2018,2884.006116207951,438.023938473576
Uttar Pradesh,Sonbhadra,Rice,2019,2913.995387238025,53.77981106615016
Uttar Pradesh,Sonbhadra,Wheat,2018,2703.9886826305983,223.2657822399733
Uttar Pradesh,Sonbhadra,Wheat,2019,2386.3745587723515,-496.6803728682735
Uttar Pradesh,Sultanpur,Rice,2018,3531.0008016539387,382.70441493518865
Uttar Pradesh,Sultanpur,Rice,2019,3120.004360623569,-503.882602267056
Uttar Pradesh,Sultanpur,Wheat,2018,4173.999866234796,220.90855764104617
Uttar Pradesh,Sultanpur,Wheat,2019,3968.00146103272,-320.0649452172802
Uttar Pradesh,Unnao,Rice,2018,1829.0048780487805,-398.2158250762195
Uttar Pradesh,Unnao,Rice,2019,2633.996270975761,333.40105613201104
Uttar Pradesh,Unnao,Wheat,2018,3873.998982962556,360.96382671255606
Uttar Pradesh,Unnao,Wheat,2019,3305.0017935703595,-698.7201302577655
Uttar Pradesh,Varanasi,Rice,2018,2529.0025618061773,150.08581375930225
Uttar Pradesh,Varanasi,Rice,2019,2655.994951619689,41.22932661968889
Uttar Pradesh,Varanasi,Wheat,2018,3495.976686529512,-191.28552050173812
Uttar Pradesh,Varanasi,Wheat,2019,3299.770363761354,-416.651511238646
