feature,importance,pct
lag_yield_1,297.92578,40.563713
rolling_yield_3yr,192.157,26.162895
time_trend,78.22839,10.65109
lag_yield_2,41.970688,5.7144666
nasa_temp_avg_rabi,15.954654,2.1722858
state_encoded,15.390843,2.095521
rainfall_cv_rabi,11.1588125,1.519314
gdd_rabi,8.961459,1.2201363
nasa_humidity_kharif,7.1807485,0.97768587
nasa_solar_annual,6.9414153,0.9450997
lag_yield_3,5.637865,0.76761645
log_area,5.5150537,0.7508952
water_balance_rabi,5.383539,0.7329891
rainfall_anomaly_index,5.0088224,0.68196994
nasa_temp_max_rabi,4.919134,0.66975856
heat_stress_days,4.462428,0.6075763
nitrogen_per_ha,3.6162848,0.49237072
fertilizer_per_ha,3.2133527,0.43751
nasa_rainfall_rabi,3.104044,0.4226272
yield_trend,2.827779,0.38501272
rainfall_cv_kharif,2.819374,0.38386834
max_dry_streak_kharif,2.3101985,0.31454217
max_dry_streak_rabi,2.2353566,0.30435216
yield_gap_vs_state,2.1486156,0.29254207
nasa_temp_max_kharif,1.3845049,0.18850553
water_balance_kharif,1.2845864,0.17490126
nasa_temp_avg_kharif,0.9738006,0.1325866
nasa_rainfall_annual,0.5476783,0.07456846
frost_risk_days,0.41427177,0.056404654
nasa_rainfall_kharif,0.28358856,0.038611643
gdd_kharif,0.24820983,0.033794697
irrigation_pct,0.16902715,0.02301368
drought_flag,0.08649699,0.011776889
season_encoded,0.0,0.0
flood_flag,0.0,0.0
