feature,importance
lag_yield_1,491.19928
time_trend,197.59521
rolling_yield_3yr,179.62459
lag_yield_2,102.18689
lag_yield_3,61.484093
state_encoded,51.746136
nasa_temp_avg_rabi,27.617573
frost_risk_days,24.011763
rainfall_anomaly_index,22.353579
nasa_rainfall_rabi,18.666765
log_area,18.173853
nasa_solar_annual,16.870615
crop_encoded,16.68319
yield_gap_vs_state,13.592694
fertilizer_per_ha,9.773887
nasa_temp_max_rabi,8.944159
nasa_temp_avg_kharif,8.147114
yield_trend,7.817507
nasa_humidity_kharif,7.7283745
nasa_rainfall_annual,7.4784784
season_encoded,7.420819
heat_stress_days,6.641184
nitrogen_per_ha,5.887075
nasa_rainfall_kharif,3.303748
nasa_temp_max_kharif,3.0577037
flood_flag,0.54807746
irrigation_pct,0.45734578
drought_flag,0.21365382
