test_year,n_train,n_test,rmse,mape,r2
2008,2105,217,445.94617252552933,11.126256978399368,0.8099222623793358
2009,2322,219,294.6673442596749,8.828344237693944,0.9069907558581823
2010,2541,221,311.3567373089088,8.625095056822857,0.907080926439668
2011,2762,223,405.48574675628345,12.78205416049073,0.8578535923984398
2012,2985,223,302.8305737707486,7.651257260508193,0.8864379874972262
2013,3208,233,280.0768267025882,7.3050448532655174,0.918480446543794
2014,3441,233,834.670826470859,29.987684241581253,0.18942001762426697
2015,3674,233,624.0139517927305,16.721556448269858,0.6281330722070912
2016,3907,233,653.3172318462814,14.837033674786259,0.5880299288150481
2017,4140,233,383.14570225925326,9.436730738933775,0.8474415156721545
2018,4373,235,305.15057046802275,7.318965978518584,0.9019326016696018
2019,4608,235,380.6261084605976,9.088838586631974,0.8018416701373845
